{"cameraMode":{"drawMode":0,"name":"Shaded","section":"Shading Mode"},"sceneLighting":true,"audioPlay":false,"sceneViewState":{"m_AlwaysRefresh":false,"showFog":true,"showSkybox":true,"showFlares":true,"showImageEffects":true,"showParticleSystems":true,"showVisualEffectGraphs":true,"m_FxEnabled":true},"in2DMode":false,"pivot":{"x":422.68011474609377,"y":266.84130859375,"z":-0.804473876953125},"rotation":{"x":0.006308230105787516,"y":-0.04347851872444153,"z":0.00019980434444732964,"w":0.9990949630737305},"size":242.82174682617188,"orthographic":false}